nome,marca,preco
Caneta Parker,Parker,25.00
Caderno Moleskine,Moleskine,120.00
Sapato Oxford,John Lobb,450.00
Escultura de Mesa,Arte Corporativa,800.00
Camisa Social,Brooks Brothers,350.00
Quadro Motivacional,Decorações Empresariais,220.00
Relógio Citizen,Citizen,980.00
Mouse MX Master,Logitech,480.00
Blazer,Tailored Suit,950.00
Mochila Samsonite,Samsonite,650.00
Mousepad HyperX,HyperX,130.00
Boné Bordado,Uniformes Profissionais,60.00
Luva de Couro,Premium Office,290.00
Chaveiro Gintama,Brindes Licenciados,40.00
Estatueta KOF,Prêmios Empresariais,380.00
Action Figure Gintama,Licenciado Oficial,430.00
Caneca Gintama,Alessi,75.00
Camiseta Polo KOF,Licenciado Oficial,200.00
Pulseira KOF,Brindes Licenciados,150.00
Adesivo Gintama,Brindes Corporativos,10.00
Álbum "British Steel",Judas Priest,180.00
Álbum "Abbey Road",The Beatles,200.00
Álbum "Fruto Proibido",Rita Lee,160.00
